ID,Name,Price,Size,Age,Floors,Bedroom,City,Location,HouseType,Pattern,Tags,Environment,Url,Image_name,CP_value
1,中和保健路車庫1樓、住家辦公近捷運,29000,30,0,1,3,新北市,新北市中和區保健路,公寓,3房2廳1衛 - 2陽台1廚房,,,https://www.rakuya.com.tw/rent/rent_item?ehid=0518c2292878842,,0
2,台中北區 櫻花道套房 近國軍醫院大潤發科博館,6500,5,0,2,1,台中市,台中市北區太原路一段,公寓,1房1衛,,,https://www.rakuya.com.tw/rent/rent_item?ehid=092681292837978,,0
3,A22機捷夜市學區奢華全新套房非仲介免服務費可租補,17800,13.78,31,11,1,桃園市,桃園市中壢區中央西路二段/中央貴族,電梯大廈,1房1廳1衛 - 1陽台1廚房,,"有對外窗, 陽台",https://www.rakuya.com.tw/rent/rent_item?ehid=0439e9292721000,,0
4,近成大暨醫院、二中、台南醫院、台南公園、轉運站,5500,5,30,5,1,台南市,台南市北區公園北路,透天厝,1房1衛,,有對外窗,https://www.rakuya.com.tw/rent/rent_item?ehid=0ca6fd292506107,,0
5,台中市精密機械園區-廠房出租(B1~5F),1680000,1972,0,5,0,台中市,台中市南屯區精科中一路,廠房,,,,https://www.rakuya.com.tw/rent/rent_item?ehid=056658292329239,,0
6,小巨蛋站/邊間店面/輕食 飲料 服飾皆可,120000,15.37,0,1,0,台北市,台北市松山區南京東路四段,電梯大廈,,,"有對外窗, 為邊間",https://www.rakuya.com.tw/rent/rent_item?ehid=0a582c292296736,,0
7,"知名電梯華廈,頂級全新裝潢,近捷運亞東醫院站/科學",23000,18,0,6,1,新北市,新北市板橋區貴興路/誠都,電梯大廈,1房1廳1衛 - 1陽台,,,https://www.rakuya.com.tw/rent/rent_item?ehid=0ec92e292038432,,0
8,巨蛋捷運瑞豐商圈店面1+2樓(謝絕餐飲業),38000,40,43,2,0,高雄市,高雄市鼓山區華榮路,透天厝,,,,https://www.rakuya.com.tw/rent/rent_item?ehid=0f9918292030127,,0
9,笛布斯專任~僑泰電梯視野二房台水電大陽台可開伙可寵,13000,27.24,30,10,2,台中市,台中市南區南和一街/德昌中華,電梯大廈,2房1廳1衛 - 1陽台1廚房,,"有對外窗, 陽台",https://www.rakuya.com.tw/rent/rent_item?ehid=009e89291929012,,0
10,運河電梯套房(另有多間雅房跟美甲工作室),7500,5,0,3,1,台南市,台南市安平區華平路,別墅,1房1衛,,"有對外窗, 為邊間",https://www.rakuya.com.tw/rent/rent_item?ehid=0ba21729177054c,,0
11,近六合夜市商圈.美麗島捷運站.高雄火車站,15000,15,50,1,0,高雄市,高雄市新興區民主橫路,透天厝,,,,https://www.rakuya.com.tw/rent/rent_item?ehid=0b775229165354b,,0
12,板橋電梯高樓可租補✨近商圈和室雅居✨全新裝潢車+管,33000,12,0.4,24,1,新北市,新北市板橋區板城路/高妍植3水璟苑,電梯大廈,1房1廳1衛 - 1室1陽台1廚房,,"有對外窗, 陽台",https://www.rakuya.com.tw/rent/rent_item?ehid=0d686c29149217d,,0
13,中和民享街近環球購物、民享市場、捷運便利、可炊,9000,6,32,4,6,新北市,新北市中和區民享街,公寓,6房6衛,,"有對外窗, 為邊間, 陽台",https://www.rakuya.com.tw/rent/rent_item?ehid=07cb3920796538e,,0
14,全新屋 屋主直租 三房二衛 平面車位 含機車,27000,44.13,0.5,2,3,新北市,新北市淡水區濱海路二段/佳昂新家,電梯大廈,3房2廳2衛 - 1陽台1廚房,,"有對外窗, 陽台",https://www.rakuya.com.tw/rent/rent_item?ehid=0e22b5283656442,,0
15,美麗堡電梯華廈,32000,58,25,13,4,新北市,新北市五股區西雲路/美麗堡,電梯大廈,4房2廳2衛 - 2陽台2廚房,,,https://www.rakuya.com.tw/rent/rent_item?ehid=03f9f3291370103,,0
16,臺南東區榮譽街雙人套房包網路第四台,5700,7.5,14.4,4,1,台南市,台南市東區榮譽街,透天厝,1房1衛,,有對外窗,https://www.rakuya.com.tw/rent/rent_item?ehid=0bed5322474255e,,0
17,可租補｜大智國小｜火車站｜新時代百貨公司,26000,24.57,4,3,3,台中市,台中市東區大智路/寶睿新湛,電梯大廈,3房2廳2衛 - 2廚房,,"有對外窗, 為邊間, 陽台",https://www.rakuya.com.tw/rent/rent_item?ehid=01373b29073074c,,0
18,❤️高詢問度❤️梧棲全新透天套房❤️含電梯,8000,5,1,4,1,台中市,台中市梧棲區港埠路一段,華廈,1房1衛 - 1陽台,,有對外窗,https://www.rakuya.com.tw/rent/rent_item?ehid=06cc60270953417,,0
19,民生萬吉2房2衛明亮樓寓,32000,31.28,8.1,7,2,台南市,台南市中西區民生路二段/民生萬吉,電梯大廈,2房2廳2衛 - 1陽台1廚房,,"有對外窗, 陽台",https://www.rakuya.com.tw/rent/rent_item?ehid=0b191a289778414,,0
20,中山路特區精裝輕豪宅平面大車位設備齊全,17000,12.6,1.1,5,1,台中市,台中市沙鹿區光明街/佳格心悅,電梯大廈,1房1廳1衛 - 1陽台1廚房,,"有對外窗, 為邊間, 陽台",https://www.rakuya.com.tw/rent/rent_item?ehid=08b7d8290900405,,0
21,板橋三民路透天店面 近板橋家樂福商圈,60000,54,35.4,2,0,新北市,新北市板橋區三民路二段,透天厝,,,,https://www.rakuya.com.tw/rent/rent_item?ehid=0e5306273540945,,0
22,獨立套房,4800,8,15.6,4,3,彰化縣,彰化縣秀水鄉彰水路二段,公寓,3房,,有對外窗,https://www.rakuya.com.tw/rent/rent_item?ehid=0252bc263928595,,0
23,科定A3商辦大樓鄰近A3捷運站新莊全新裝潢辦公室,184800,100,0,11,0,新北市,新北市新莊區福慧路,辦公,,,陽台,https://www.rakuya.com.tw/rent/rent_item?ehid=0e27b5274283935,,0
24,A7 甲子園三房平車含管出租中,33000,38,2.1,16,3,桃園市,桃園市龜山區文化一路/竹城甲子園,電梯大廈,3房2廳2衛 - 1陽台1廚房,,,https://www.rakuya.com.tw/rent/rent_item?ehid=00ec26290289073,,0
25,A7竹城甲子園 四房平車含管出租中,43000,51,2.1,13,4,桃園市,桃園市龜山區文化一路/A7地王竹城甲子園,電梯大廈,4房2廳2衛 - 1陽台1廚房,,,https://www.rakuya.com.tw/rent/rent_item?ehid=0ad80b290295675,,0
26,蔡Sir力推關連唯有三千坪三照廠,1000000,3000,0,0,0,台中市,台中市龍井區台西南路,廠房,,,,https://www.rakuya.com.tw/rent/rent_item?ehid=05088d28381373f,,0
27,惠買房．惠賣房｜近車站超大三房平車景觀戶,23888,32.43,9.5,12,3,苗栗縣,苗栗縣竹南鎮三平路/東站雙城,電梯大廈,3房2廳2衛,,,https://www.rakuya.com.tw/rent/rent_item?ehid=0520f1290140976,,0
28,關廟區保東一街廠房(租),120000,421.2,31.1,0,0,台南市,台南市關廟區保東一街,廠房,,,,https://www.rakuya.com.tw/rent/rent_item?ehid=07752529094191d,,0
29,含管理費（自租）百達君品簡約渡假兩房,24000,24,3,15,2,高雄市,高雄市前鎮區籬仔內路/百達君品,電梯大廈,2房1廳1衛,,,https://www.rakuya.com.tw/rent/rent_item?ehid=04789e218056217,,0
30,276坪廠房出租（二層）近廣豐新天地,207000,276,0.1,2,0,桃園市,桃園市桃園區國際路一段,廠房,,,,https://www.rakuya.com.tw/rent/rent_item?ehid=01bda0291265700,,0
31,御盟國際驛館 酒店式公寓,61500,56,2.3,15,2,高雄市,高雄市三民區九如一路,公寓,2房2廳2衛 - 2陽台1廚房,,"有對外窗, 陽台",https://www.rakuya.com.tw/rent/rent_item?ehid=053a4a225742420,,0
32,蔡Sir力推關連大路超挑高美三照低租金廠,58000,80,0.1,0,0,台中市,台中市梧棲區港埠路一段,廠房,,,,https://www.rakuya.com.tw/rent/rent_item?ehid=0137db291329583,,0
33,373坪廠辦合一可三照,240000,373.29,0.1,3,0,台中市,台中市大里區美村街,廠房,,,,https://www.rakuya.com.tw/rent/rent_item?ehid=0036f729115569b,,0
34,年前降價!行天宮站步行1分2房高樓✨小陳自租新裝潢,47800,23.48,47,10,2,台北市,台北市中山區松江路,電梯大廈,2房1廳1衛 - 1廚房,,"有對外窗, 為邊間",https://www.rakuya.com.tw/rent/rent_item?ehid=03c99a290014926,,0
35,正麗山學區-全新裝修山景公園美寓,38000,32,40,5,3,台北市,台北市內湖區港華街,公寓,3房2廳2衛 - 2陽台1廚房,,,https://www.rakuya.com.tw/rent/rent_item?ehid=083dda29044355c,,0
36,❗️廠房出租❗️ 屏東市全新合法廠房-可廠登,43000,116.97,0,0,0,屏東縣,屏東縣屏東市大成路,廠房,,,,https://www.rakuya.com.tw/rent/rent_item?ehid=0518a4251565298,,0
37,長安東路一段(2樓店面),92000,36.54,44,2,0,台北市,台北市中山區長安東路一段/明道大廈,電梯大廈,,,"有對外窗, 為邊間",https://www.rakuya.com.tw/rent/rent_item?ehid=0f6cb1291143079,,0
38,＊中科雲世紀＊二房二衛無限視野景觀好房,25500,22,9,14,2,台中市,台中市西屯區國安一路/太子雲世紀B區,電梯大廈,2房2廳2衛,,"有對外窗, 為邊間, 有中庭, 陽台",https://www.rakuya.com.tw/rent/rent_item?ehid=0b6b0f292812011,,0
39,北區⛅電梯⛅可雙租補⛅陽台獨洗⛅子母車⛅,8999,10,0,3,1,台中市,台中市北區梅亭街,透天厝,1房1衛 - 1陽台,,"有對外窗, 陽台",https://www.rakuya.com.tw/rent/rent_item?ehid=07feb329293488e,,0
40,電梯套房⛅可雙租補⛅陽台獨洗⛅子母車⛅流理臺⛅,12499,13,0,8,1,台中市,台中市東區練武路,透天厝,1房1衛 - 1陽台,,"有對外窗, 陽台",https://www.rakuya.com.tw/rent/rent_item?ehid=0b6f46292931070,,0
41,近勤益⛅陽台獨洗⛅可雙租補⛅可貓⛅子母車⛅乾溼分離,9600,10,0,4,1,台中市,台中市太平區坪林路,電梯大廈,1房1衛 - 1陽台,,,https://www.rakuya.com.tw/rent/rent_item?ehid=0babc129293941b,,0
42,前2個月半價⛅陽台獨洗⛅可寵⛅流理臺⛅子母車,11999,10,0,2,1,台中市,台中市北區中清路一段,透天厝,1房1衛 - 1陽台,,"有對外窗, 陽台",https://www.rakuya.com.tw/rent/rent_item?ehid=04bec6292945116,,0
43,北屯⛅可寵⛅陽台獨洗⛅子母車⛅電磁爐⛅飲水機,10499,12,0,2,1,台中市,台中市北屯區大連北街,透天厝,1房1衛 - 1陽台,,"有對外窗, 陽台",https://www.rakuya.com.tw/rent/rent_item?ehid=059d3d292930550,,0
44,L3J84）近重慶國中【超值3房2衛】補助洽★可寵,33000,27,20,1,3,新北市,新北市中和區民德路,公寓,3房2廳2衛 - 1陽台1廚房,,,https://www.rakuya.com.tw/rent/rent_item?ehid=0a050729295040d,,0
45,經國家樂福現代美裝雙陽台景觀三房車,29900,47,0,13,3,桃園市,桃園市桃園區經國路/定泰經國翫,電梯大廈,3房2廳2衛 - 2陽台1廚房,,"有對外窗, 陽台",https://www.rakuya.com.tw/rent/rent_item?ehid=0eb94d292950258,,0
46,龍井蛇麼都有✨可租補✨可短租✨機車位✨生活機能佳✨,3799,8,0,3,0,台中市,台中市龍井區新興路,電梯大廈,開放式格局,,有對外窗,https://www.rakuya.com.tw/rent/rent_item?ehid=077a5329294929d,,0
47,全新電梯套房❤️室內機車位❤️陽台獨洗曬❤️子母車,10999,11,0,3,1,台中市,台中市北區梅川東路三段,電梯大廈,1房1衛 - 1陽台,,"有對外窗, 陽台",https://www.rakuya.com.tw/rent/rent_item?ehid=0f7400292811401,,0
48,小資族一房一廳❤️可寵❤️陽台獨洗獨曬❤️,11999,13,0,6,1,台中市,台中市北屯區東山路一段,公寓,1房1廳1衛 - 1陽台,,"有對外窗, 陽台",https://www.rakuya.com.tw/rent/rent_item?ehid=0736bc29281143a,,0
49,電梯小資族套房❤️可租補❤️陽台獨洗獨曬❤️可貓咪,8599,9,0,4,1,台中市,台中市北區進化路,電梯大廈,1房1衛 - 1陽台,,"有對外窗, 陽台",https://www.rakuya.com.tw/rent/rent_item?ehid=05dce829281142b,,0
50,全新大空間套房❤️可租補❤️陽台獨洗獨曬❤️子母車,12999,13,0,2,1,台中市,台中市西區美村路一段,透天厝,1房1衛 - 1陽台,,"有對外窗, 陽台",https://www.rakuya.com.tw/rent/rent_item?ehid=0a72a529281144a,,0
51,快樂小姐~潭子久樘臻悅全新三房大平車位,30000,25.4,0.1,9,3,台中市,台中市潭子區弘智二街/久樘臻悅,電梯大廈,3房2廳2衛 - 2陽台1廚房,,"有對外窗, 陽台",https://www.rakuya.com.tw/rent/rent_item?ehid=08c109292949242,,0
52,經貿園區一樓店面/適合診所/企業辦公室/個體工作室,32000,18.91,0,1,0,台中市,台中市西屯區經貿路二段,透天厝,,,,https://www.rakuya.com.tw/rent/rent_item?ehid=099e3d292946983,,0
53,E1B12）捷運小南門【電梯1房1廳】警衛★採光優,22500,17,20,8,1,台北市,台北市中正區延平南路,電梯大廈,1房1衛,,,https://www.rakuya.com.tw/rent/rent_item?ehid=01554b292946914,,0
54,L8A36）遠東世紀廣場【採光辦公】可營登★坪效優,37000,34,20,6,0,新北市,新北市中和區中正路,電梯大廈,開放式格局,,,https://www.rakuya.com.tw/rent/rent_item?ehid=0d94a729294671e,,0
55,可租補⚡管理員⚡陽台獨洗曬⚡流理臺⚡子母車⚡台水電,11800,10,0,5,0,台中市,台中市北區漢口路四段/紐約廣場,電梯大廈,開放式格局,,"有對外窗, 陽台",https://www.rakuya.com.tw/rent/rent_item?ehid=09f103292812111,,0
56,興安商圈⚡門前可停車⚡免整理⚡可營登⚡禁餐飲,26000,15,0,1,0,台中市,台中市北屯區崇德二路一段,透天厝,,,,https://www.rakuya.com.tw/rent/rent_item?ehid=0ad1ae292812348,,0
57,可租補⚡一房一廳⚡陽台獨洗曬⚡流理臺⚡寵物的家⚡,18500,15,0,3,0,台中市,台中市北區英才路,透天厝,開放式格局,,,https://www.rakuya.com.tw/rent/rent_item?ehid=0bc4de292816039,,0
58,近中興大學✨整棟新蓋✨可雙租補✨陽台獨洗✨飲水機,10500,9,0,5,0,台中市,台中市南區南平路,電梯大廈,開放式格局,,"有對外窗, 陽台",https://www.rakuya.com.tw/rent/rent_item?ehid=054123292841375,,0
59,限時減租金優惠✨可雙租補✨陽台獨洗✨可租機車位,12499,13,0,8,1,台中市,台中市東區練武路,電梯大廈,1房1衛 - 1陽台,,"有對外窗, 陽台",https://www.rakuya.com.tw/rent/rent_item?ehid=096861292943277,,0
60,文華天際✦近A7捷運站 高樓層景觀戶,25000,25,1,15,2,桃園市,桃園市龜山區華亞三路/文華天際,華廈,2房2廳1衛 - 1陽台1廚房,,"有對外窗, 有中庭, 陽台",https://www.rakuya.com.tw/rent/rent_item?ehid=04a6e4292941326,,0
61,小檜溪雙陽台景觀大兩房含車管,35000,45,0,8,2,桃園市,桃園市桃園區朝陽街/遠雄青溪,電梯大廈,2房2廳2衛 - 2陽台1廚房,,"有對外窗, 有中庭, 陽台",https://www.rakuya.com.tw/rent/rent_item?ehid=0f4c89292930639,,0
62,小檜溪雙陽台全新景觀美三房含管,36500,38,0,11,3,桃園市,桃園市桃園區日光路/合康檜邑,電梯大廈,3房2廳2衛 - 2陽台1廚房,,"有對外窗, 有中庭, 陽台",https://www.rakuya.com.tw/rent/rent_item?ehid=031294292900920,,0
63,豐原金蛇送福✨雙租補✨衛浴開窗✨生活機能佳✨採光佳,5999,10,0,3,0,台中市,台中市豐原區市政路,電梯大廈,開放式格局,,有對外窗,https://www.rakuya.com.tw/rent/rent_item?ehid=0c82a8292939600,,0
64,澄清中科/超新屋/機車位/流理臺/租補短租,11500,12,0,3,0,台中市,台中市西屯區福安六街,透天厝,開放式格局,,有對外窗,https://www.rakuya.com.tw/rent/rent_item?ehid=0756c5292851209,,0
65,興大/可租補/機車位.超新屋流理臺,8300,11.5,0,2,0,台中市,台中市南區忠明南路,透天厝,開放式格局,,有對外窗,https://www.rakuya.com.tw/rent/rent_item?ehid=0da485292851059,,0
66,中山醫/超新屋/機車位/可租補,7800,11,0,3,0,台中市,台中市南區崇倫街,透天厝,開放式格局,,有對外窗,https://www.rakuya.com.tw/rent/rent_item?ehid=0d3312292851138,,0
67,雙租補❤️超新兩房❤️獨洗曬❤️附機車位❤️,16499,25,0,4,2,台中市,台中市西區向上南路一段,透天厝,2房1廳1衛 - 1陽台,,,https://www.rakuya.com.tw/rent/rent_item?ehid=08b411292939396,,0
68,文心櫻花✨可租補✨小資族✨垃圾處理飲水機✨環境舒適,6999,12,0,1,1,台中市,台中市西屯區甘肅路一段,透天厝,1房1衛,,有對外窗,https://www.rakuya.com.tw/rent/rent_item?ehid=051eaa292939187,,0
69,仲介勿擾！可寵！工學綠園道 溫馨二房 隨時可搬入,19800,22,0,14,0,台中市,台中市南區工學路/長億城香榭區綠茵區,電梯大廈,開放式格局,,,https://www.rakuya.com.tw/rent/rent_item?ehid=0cad2229283474b,,0
70,(租)後勁捷運站｜新2房車位｜含管,21000,31.91,0.4,6,2,高雄市,高雄市楠梓區加昌路,電梯大廈,2房2廳1衛,,,https://www.rakuya.com.tw/rent/rent_item?ehid=0328b129293822c,,0
71,L3J85）中和高中【超值3房2衛】可寵★全新裝潢,39800,27,20,2,3,新北市,新北市中和區連城路,公寓,3房2廳2衛 - 2陽台1廚房,,,https://www.rakuya.com.tw/rent/rent_item?ehid=01e9bf292936801,,0
72,小資大空間✨可雙租補✨馬上詢問✨有飲水機✨車站商圈,5999,12,0,5,1,台中市,台中市中區民族路,透天厝,1房1衛,,有對外窗,https://www.rakuya.com.tw/rent/rent_item?ehid=0ad91a292841279,,0
73,稀有台水電✨管理員✨陽台獨洗✨大空間✨漢口商圈,7799,14,0,13,1,台中市,台中市北區漢口路四段,電梯大廈,1房1衛 - 1陽台,,"有對外窗, 陽台",https://www.rakuya.com.tw/rent/rent_item?ehid=02ccd929282480e,,0
74,稀有台水電✨可租補✨陽台獨洗✨採光佳✨近車站一中街,7999,13,0,5,1,台中市,台中市東區自強街,電梯大廈,1房1衛 - 1陽台,,"有對外窗, 陽台",https://www.rakuya.com.tw/rent/rent_item?ehid=0ce72f292851168,,0
75,小資爬樓梯✨可租補✨多間選✨共洗曬衣✨中國醫,4999,10,0,5,1,台中市,台中市北區大德街,公寓,1房1衛,,有對外窗,https://www.rakuya.com.tw/rent/rent_item?ehid=09e5c4292851614,,0
76,便宜超秒殺✨生活機能佳✨有子母車飲水機✨晚來就沒囉,3499,1001,0,6,1,台中市,台中市北區美德街,透天厝,1房1衛,,有對外窗,https://www.rakuya.com.tw/rent/rent_item?ehid=081983292851589,,0
77,超便宜二房✨台水電✨可租補✨家具全配✨近清水國中,13999,18,0,3,2,台中市,台中市清水區中清路九段/彰慶晏苑,電梯大廈,2房1廳1衛 - 1陽台1廚房,,"有對外窗, 陽台",https://www.rakuya.com.tw/rent/rent_item?ehid=06f721292851338,,0
78,秒殺電梯✨管理員✨可寵物✨陽台獨洗✨兩年約有優惠,7799,12,0,2,1,台中市,台中市沙鹿區台灣大道七段,電梯大廈,1房1衛 - 1陽台,,"有對外窗, 陽台",https://www.rakuya.com.tw/rent/rent_item?ehid=074b3e292841878,,0
79,精緻美屋✨可租補✨寵物友善✨獨洗烘衣✨有子母車,11999,13,0,4,1,台中市,台中市北區五常街,透天厝,1房1衛,,有對外窗,https://www.rakuya.com.tw/rent/rent_item?ehid=0f270b292842092,,0
80,可租補雙人大床前庭花園電梯套房,6000,8,0,2,1,台中市,台中市沙鹿區東英路/致富讚,透天厝,1房1衛,,,https://www.rakuya.com.tw/rent/rent_item?ehid=0bc24d292835173,,0
81,有樂事＾＾全配3房含淨水設備,18000,27,0,12,3,台中市,台中市梧棲區大勇路/益翔有樂仕,電梯大廈,3房2廳2衛 - 2陽台1廚房,,,https://www.rakuya.com.tw/rent/rent_item?ehid=0fb85f29288565f,,0
82,✅現時免仲/可租補5年內新屋平面車位飯店式管理,16000,26,0,8,3,台中市,台中市清水區港新三路/遠雄之星7,電梯大廈,3房2廳2衛 - 2陽台1廚房,,"有對外窗, 有中庭, 陽台",https://www.rakuya.com.tw/rent/rent_item?ehid=05be00292904880,,0
83,可租補大陽台獨洗晒花園電梯套房,6500,9,0,1,1,台中市,台中市沙鹿區東英路,透天厝,1房1衛 - 1陽台,,,https://www.rakuya.com.tw/rent/rent_item?ehid=08ebbf292834838,,0
84,泉宇未來✨可租補✨傢俱齊全✨大面窗採光明亮✨可竉✨,22000,35,0,4,2,台中市,台中市西屯區中康二街,電梯大廈,2房2廳1衛 - 1陽台,,"有對外窗, 陽台",https://www.rakuya.com.tw/rent/rent_item?ehid=0a0f3229293532a,,0
85,南區首選✨租屋補助✨陽台獨洗✨機車位✨流理台✨,8299,11,0,2,1,台中市,台中市南區忠明南路,電梯大廈,1房1衛 - 1陽台,,"有對外窗, 陽台",https://www.rakuya.com.tw/rent/rent_item?ehid=06ce0e292879081,,0
86,進科博館✨雙租補✨陽台獨洗✨乾溼分離✨流理台,10799,13,0,4,1,台中市,台中市北區健行路,透天厝,1房1廳1衛 - 1陽台,,"有對外窗, 陽台",https://www.rakuya.com.tw/rent/rent_item?ehid=05c59a292879014,,0
87,租屋補助✨陽台獨洗✨流理台✨機車位✨子母車,7499,11,0,2,1,台中市,台中市北區中清路一段,透天厝,1房1衛 - 1陽台,,"有對外窗, 陽台",https://www.rakuya.com.tw/rent/rent_item?ehid=05962b292879203,,0
88,可寵❤可租屋補助❤免費共用洗衣機❤跟我的思念厚厚一,5499,8,0,4,1,台中市,台中市北區精武路,透天厝,1房1廳1衛,,有對外窗,https://www.rakuya.com.tw/rent/rent_item?ehid=0cdcb3292935288,,0
89,北區超秒殺✨近中國醫✨可租補✨獨洗脫烘✨可養貓狗,12499,14,0,3,1,台中市,台中市北區學士路,電梯大廈,1房1衛,,有對外窗,https://www.rakuya.com.tw/rent/rent_item?ehid=06d65d29283757f,,0
90,全新超秒殺✨可雙租補✨陽台獨洗✨電梯透天✨衛浴開窗,8999,12,0,3,1,台中市,台中市北區梅亭街,華廈,1房1衛 - 1陽台,,"有對外窗, 陽台",https://www.rakuya.com.tw/rent/rent_item?ehid=0454b4292837766,,0
91,北區超秒殺✨可雙租補✨情侶最愛✨小陽台獨洗✨可貓狗,7999,12,0,4,1,台中市,台中市北屯區松明街,透天厝,1房1衛 - 1陽台,,"有對外窗, 陽台",https://www.rakuya.com.tw/rent/rent_item?ehid=0ec205292837840,,0
92,超級大空間✨可雙租補✨採光佳✨健身套房✨超級甜甜價,5999,13,0,5,1,台中市,台中市中區民族路,透天厝,1房1衛,,有對外窗,https://www.rakuya.com.tw/rent/rent_item?ehid=08f71229283765e,,0
93,南區超精選✨可雙租補✨有電梯✨可代收包裹✨騎樓停車,6499,12,0,4,1,台中市,台中市南區福新街,華廈,1房1衛,,有對外窗,https://www.rakuya.com.tw/rent/rent_item?ehid=0d0ab229283795b,,0
94,把永遠愛妳寫進詩的結尾❤可租屋補助❤舒適空間❤,5500,8,0,5,1,台中市,台中市大里區亞洲街,公寓,1房1廳1衛,,有對外窗,https://www.rakuya.com.tw/rent/rent_item?ehid=0905d229293485f,,0
95,我的愛溢出就像雨水❤可寵❤陽台獨洗❤流理台❤,9999,13,0,3,1,台中市,台中市北屯區大連北街,透天厝,1房1廳1衛 - 1陽台,,"有對外窗, 陽台",https://www.rakuya.com.tw/rent/rent_item?ehid=0e33e1292934707,,0
96,那飽滿的稻穗❤陽台獨洗❤衛浴窗❤逢甲水湳❤,8999,13,0,2,1,台中市,台中市西屯區中平路,電梯大廈,1房1廳1衛 - 1陽台,,"有對外窗, 陽台",https://www.rakuya.com.tw/rent/rent_item?ehid=031cab29293447f,,0
97,大雅⛅四房兩廳三衛兩陽台⛅可租補⛅可戶籍⛅寵可談⛅,40000,68,3,4,4,台中市,台中市大雅區中山北路,透天厝,4房2廳3衛 - 2陽台,,"有對外窗, 陽台",https://www.rakuya.com.tw/rent/rent_item?ehid=0e28e229293430d,,0
98,把永遠愛妳寫進詩的結尾❤雙租屋補助❤陽台獨洗❤,8999,12,0,1,1,台中市,台中市西屯區光明路,透天厝,1房1廳1衛 - 1陽台,,"有對外窗, 陽台",https://www.rakuya.com.tw/rent/rent_item?ehid=0a13fa29293427d,,0
99,幸福就是你❤️可租補❤️可貓可狗❤️陽台獨洗,9999,13,0,1,0,台中市,台中市西屯區華夏巷西三弄,透天厝,開放式格局,,"有對外窗, 陽台",https://www.rakuya.com.tw/rent/rent_item?ehid=04d516292888050,,0
100,幸福就是你❤️大坪數套房❤️有電梯❤️陽台獨洗,10999,18,0,2,0,台中市,台中市北屯區昌平路二段,透天厝,開放式格局,,"有對外窗, 陽台",https://www.rakuya.com.tw/rent/rent_item?ehid=0489fa29283818a,,0
101,幸福就是你❤️可租補❤️便宜好租❤️陽台曬,4999,8,0,4,0,台中市,台中市大里區工業六路,透天厝,開放式格局,,有對外窗,https://www.rakuya.com.tw/rent/rent_item?ehid=09258d29288880a,,0
102,幸福就是你❤️小資首選❤️有電梯❤️共洗獨曬,5999,10,0,2,0,台中市,台中市北區崇德路一段,透天厝,開放式格局,,"有對外窗, 陽台",https://www.rakuya.com.tw/rent/rent_item?ehid=097c14292838086,,0
103,幸福就是你❤️可雙租補❤️電梯可貓❤️陽台獨洗,7499,10.5,0,7,0,台中市,台中市北區崇德路一段,電梯大廈,開放式格局,,"有對外窗, 陽台",https://www.rakuya.com.tw/rent/rent_item?ehid=04acea292838333,,0
104,幸福就是你❤️可租補❤️可貓咪❤️陽台獨洗,6799,10,0,4,0,台中市,台中市西屯區西屯路二段,公寓,開放式格局,,"有對外窗, 陽台",https://www.rakuya.com.tw/rent/rent_item?ehid=006259292886948,,0
105,電梯❤️租補❤️獨洗❤️乾濕分離❤️室內機車位,9499,10,0,5,1,台中市,台中市北屯區旱溪西路三段,透天厝,1房1衛,,,https://www.rakuya.com.tw/rent/rent_item?ehid=0524d329293423f,,0
106,O0S79）重慶國小【景觀獨戶】警衛★獨洗★流理台,25000,14,20,11,1,新北市,新北市板橋區五權街,電梯大廈,1房1衛 - 1陽台1廚房,,,https://www.rakuya.com.tw/rent/rent_item?ehid=06a15a29293414b,,0
107,北屯好市多⛅兩房兩廳兩衛三陽台⛅可租補⛅捷運⛅總站,26000,33,2,7,2,台中市,台中市北屯區南興三路/昌祐又一湛,電梯大廈,2房2廳2衛 - 3陽台,,,https://www.rakuya.com.tw/rent/rent_item?ehid=0c649129293377f,,0
108,租補可寵電梯❤️兩房❤️陽台❤️開伙❤️台水台電,22000,25,0,4,2,台中市,台中市西屯區中康街,電梯大廈,2房1廳1衛 - 1陽台,,,https://www.rakuya.com.tw/rent/rent_item?ehid=0b7bc929293347c,,0
109,我的愛溢出就像雨水❤乾溼分離❤陽台獨洗❤雙租屋補助,13999,18,0,2,1,台中市,台中市西屯區光明路,電梯大廈,1房1廳1衛 - 1陽台,,"有對外窗, 陽台",https://www.rakuya.com.tw/rent/rent_item?ehid=04ddc529293260e,,0
110,太平⛅四房兩廳三衛⛅可租補⛅台水電⛅雙平車⛅管理員,25000,32,3,4,4,台中市,台中市太平區長安十一街/珍藏家,透天厝,4房2廳3衛,,"有對外窗, 陽台",https://www.rakuya.com.tw/rent/rent_item?ehid=007544292932324,,0
111,M0K17）永安市場站5分【超值租案】可補助★可寵,13800,6,0,4,1,新北市,新北市永和區中和路,公寓,1房1衛,,,https://www.rakuya.com.tw/rent/rent_item?ehid=017110292932278,,0
112,幸福了這個季節❤可租屋補助❤室內機車位❤陽台獨洗❤,7499,11,0,5,1,台中市,台中市西屯區河南東二街,電梯大廈,1房1廳1衛 - 1陽台,,"有對外窗, 陽台",https://www.rakuya.com.tw/rent/rent_item?ehid=0797ca29293210b,,0
113,太平⛅三房兩廳兩衛兩陽台⛅可租補雙租補⛅近近近74,26000,42,2,5,3,台中市,台中市太平區環中東路四段/櫻花大櫻國3,電梯大廈,3房2廳2衛 - 2陽台,,"有對外窗, 陽台",https://www.rakuya.com.tw/rent/rent_item?ehid=02ac1529293191e,,0
114,久未放晴的天空❤雙租屋補助❤陽台獨洗❤室內機車位❤,12499,15,0,8,1,台中市,台中市東區練武路,電梯大廈,1房1廳1衛 - 1陽台,,"有對外窗, 陽台",https://www.rakuya.com.tw/rent/rent_item?ehid=0e1f4429293151d,,0
115,S9A35）中和高中【黃金店面】營登★車流大★餐飲,25000,7,20,1,0,新北市,新北市土城區金城路三段,公寓,,,,https://www.rakuya.com.tw/rent/rent_item?ehid=03d4a2292931485,,0
116,依舊留著妳的笑容❤電梯管理員❤陽台❤舒適空間❤,7499,10,0,3,1,台中市,台中市南區學府路,電梯大廈,1房1廳1衛 - 1陽台,,"有對外窗, 陽台",https://www.rakuya.com.tw/rent/rent_item?ehid=06e8c829293109b,,0
117,崇德⛅電梯大坪數商辦⛅三車位⛅北區北屯⛅200坪,100000,200,3,8,0,台中市,台中市北區崇德路一段,電梯大廈,,,有對外窗,https://www.rakuya.com.tw/rent/rent_item?ehid=03312829293082f,,0
118,蛇采飛揚✨高cp值舒適美套房✨可租補✨可貓咪✨採光,5799,10,0,1,0,台中市,台中市北屯區東山路二段中興巷,公寓,開放式格局,,有對外窗,https://www.rakuya.com.tw/rent/rent_item?ehid=0ab3f4292890386,,0
119,超便宜二房✨傢俱全配✨最省台水電✨可租屋補✨採光佳,12999,25,0,3,2,台中市,台中市清水區中清路九段,電梯大廈,2房1廳 - 1陽台,,"有對外窗, 陽台",https://www.rakuya.com.tw/rent/rent_item?ehid=0b4be129290664b,,0
120,近弘光靜宜✨便宜又溫馨套房✨可租補✨生活機能佳✨,3199,1001,0,4,0,台中市,台中市沙鹿區晉文路,透天厝,開放式格局,,有對外窗,https://www.rakuya.com.tw/rent/rent_item?ehid=0bdae3292915133,,0
121,北區⛅可租補⛅可寵可貓可狗⛅陽台獨洗⛅太原近74,11999,12,1,2,1,台中市,台中市北區國強街,華廈,1房1衛 - 1陽台,,"有對外窗, 陽台",https://www.rakuya.com.tw/rent/rent_item?ehid=0b324029292979f,,0
122,一中北區⛅可租補⛅可談寵⛅陽台獨洗⛅採光超讚超秒殺,7999,10,0,6,1,台中市,台中市北區太平北街,華廈,1房1衛 - 1陽台,,"有對外窗, 陽台",https://www.rakuya.com.tw/rent/rent_item?ehid=0347d5292928215,,0
123,可雙租補代收包裹可貓獨洗曬,7499,9,0,7,0,台中市,台中市北區崇德路一段,電梯大廈,開放式格局,,"有對外窗, 陽台",https://www.rakuya.com.tw/rent/rent_item?ehid=01824a292835750,,0
124,可寵可小孩寶寶陽台獨洗流理台,10999,13,0,2,0,台中市,台中市東區力行路,透天厝,開放式格局,,"有對外窗, 陽台",https://www.rakuya.com.tw/rent/rent_item?ehid=0a1bae292840093,,0
125,多間可選陽台獨洗曬乾濕分離全新完工,16999,17,0,4,0,台中市,台中市北屯區昌平東二路,電梯大廈,開放式格局,,"有對外窗, 陽台",https://www.rakuya.com.tw/rent/rent_item?ehid=0755a629283548f,,0
126,北屯超秒殺⛅台水電⛅可租補可戶籍⛅衛浴乾溼分離⛅,5499,10,2,4,1,台中市,台中市北屯區安順東三街,電梯大廈,1房1衛,,有對外窗,https://www.rakuya.com.tw/rent/rent_item?ehid=00998f292927802,,0
127,東區⛅電梯⛅可短租⛅陽台獨洗⛅建成⛅興大⛅中區,7999,10,2,4,1,台中市,台中市東區建成路,透天厝,1房1衛 - 1陽台,,"有對外窗, 陽台",https://www.rakuya.com.tw/rent/rent_item?ehid=02cd5f29292720f,,0
128,電梯租補❤️陽台洗❤️衛浴開窗❤️機車位❤️飲水機,8299,10,0,2,1,台中市,台中市南區忠明南路,透天厝,1房1衛 - 1陽台,,"有對外窗, 陽台",https://www.rakuya.com.tw/rent/rent_item?ehid=0063e729290977b,,0
129,全新電梯❤️雙租補❤️陽台洗曬❤️管理員❤️近興大,13999,16,0,8,1,台中市,台中市南區學府路,電梯大廈,1房1衛 - 1陽台,,"有對外窗, 陽台",https://www.rakuya.com.tw/rent/rent_item?ehid=067fdf292906704,,0
130,全新整理系統櫃❤️飲水機❤️網美浴室❤️陽台洗曬,8999,12,0,4,1,台中市,台中市北區育強街,透天厝,1房1衛 - 1陽台,,"有對外窗, 陽台",https://www.rakuya.com.tw/rent/rent_item?ehid=07b91229290386c,,0
131,電梯可寵✅租補✅木地板✅走路興大✅陽台獨洗✅飲水機,9999,10,0,2,1,台中市,台中市南區南門路,電梯大廈,1房1衛 - 1陽台,,"有對外窗, 陽台",https://www.rakuya.com.tw/rent/rent_item?ehid=01cb83292907212,,0
132,大空間可寵❤️陽台❤️獨洗烘❤️機車位❤️近火車站,13999,16,0,2,1,台中市,台中市潭子區潭子街三段,透天厝,1房1衛 - 1陽台,,"有對外窗, 陽台",https://www.rakuya.com.tw/rent/rent_item?ehid=0d8fe1292907542,,0
133,北區⛅可租補⛅可報稅⛅大陽台獨洗⛅電梯近全新⛅,8999,10,1,1,1,台中市,台中市北區梅豐街,透天厝,1房1衛 - 1陽台,,"有對外窗, 陽台",https://www.rakuya.com.tw/rent/rent_item?ehid=0b1726292926085,,0
134,北屯電梯⛅一房一廳⛅可租補⛅陽台獨洗⛅衛浴乾溼分離,18999,18,2,3,1,台中市,台中市北屯區昌平路一段,透天厝,1房1廳1衛 - 1陽台,,"有對外窗, 陽台",https://www.rakuya.com.tw/rent/rent_item?ehid=095ae529292559a,,0
135,幸福房仲日日好日恬靜築居三房,150000,52.5,2,8,3,台北市,台北市士林區德行東路/日日好日/璞園誠寬,電梯大廈,3房2廳2衛 - 1室1陽台1廚房,,"有對外窗, 有中庭, 陽台",https://www.rakuya.com.tw/rent/rent_item?ehid=0e85dd292923744,,0
136,北區⛅陽台獨洗⛅大陽台⛅電梯⛅文心⛅中清⛅太原⛅,8499,10,2,7,1,台中市,台中市北區陜西路,透天厝,1房1衛 - 1陽台,,"有對外窗, 陽台",https://www.rakuya.com.tw/rent/rent_item?ehid=0e0368292923602,,0
137,皇家庭苑店辦✦可營登可報稅 適合辦公倉儲,18000,20,0,1,0,桃園市,桃園市桃園區富國路,透天厝,,,有對外窗,https://www.rakuya.com.tw/rent/rent_item?ehid=064bfd292897721,,0
138,Q2D70）捷運菜寮5分【超值2房1廳】補助★合租,15000,15,20,6,2,新北市,新北市三重區中正南路,公寓,2房1廳1衛,,,https://www.rakuya.com.tw/rent/rent_item?ehid=05a0fd292923157,,0
139,L0O51）捷運秀朗橋3分【電梯租案】可寵★有車位,15000,13,20,12,1,新北市,新北市中和區景平路,電梯大廈,1房1衛,,,https://www.rakuya.com.tw/rent/rent_item?ehid=025e3929292271d,,0
140,水湳⛅可租補⛅可貓⛅電梯⛅陽台獨洗⛅機車位⛅北屯⛅,15999,17,1,4,1,台中市,台中市北屯區同平巷,透天厝,1房1衛 - 1陽台,,"有對外窗, 陽台",https://www.rakuya.com.tw/rent/rent_item?ehid=0f56ef29292270e,,0
141,麻豆區最佳顯眼三角窗商業區,150000,97,0,0,0,台南市,台南市麻豆區興中路,透天厝,,,"有對外窗, 為邊間",https://www.rakuya.com.tw/rent/rent_item?ehid=0a6d70292922024,,0
142,北區電梯⛅可租補⛅陽台獨洗⛅機車位⛅太原⛅秒殺的唷,9499,10,1,7,1,台中市,台中市北區國強街,電梯大廈,1房1衛 - 1陽台,,"有對外窗, 陽台",https://www.rakuya.com.tw/rent/rent_item?ehid=04911e29292152a,,0
143,Q0F36）近捷運菜寮【大空間】新裝潢★獨立洗衣機,16500,10,20,2,1,新北市,新北市三重區大仁街,公寓,1房1衛,,,https://www.rakuya.com.tw/rent/rent_item?ehid=0c3ec729292141d,,0
144,陽台獨洗❤都是浪漫讓時間會哭會痛❤可工作室❤,6999,12,0,3,1,台中市,台中市北區永興街,透天厝,1房1廳1衛 - 1陽台,,"有對外窗, 陽台",https://www.rakuya.com.tw/rent/rent_item?ehid=079ce2292921269,,0
145,O0S81）捷運江子翠2分【超值租案】獨洗★新裝潢,17500,6,20,3,1,新北市,新北市板橋區文化路二段,公寓,1房1衛 - 1陽台,,,https://www.rakuya.com.tw/rent/rent_item?ehid=05f8b929292124b,,0
146,不過都是浪漫的胡說❤陽台獨洗❤可租屋補助❤機車位,9499,13,0,6,1,台中市,台中市北屯區僑孝街,電梯大廈,1房1廳1衛 - 1陽台,,"有對外窗, 陽台",https://www.rakuya.com.tw/rent/rent_item?ehid=05788929291952d,,0
147,北屯⛅這裡有浴缸ㄟ⛅陽台獨洗⛅全新⛅有電梯超秒殺歐,14999,16,1,2,1,台中市,台中市北屯區昌平路二段,透天厝,1房1衛 - 1陽台,,"有對外窗, 陽台",https://www.rakuya.com.tw/rent/rent_item?ehid=039aaa292919517,,0
148,Z0N52）捷運三和國中【超值3房2廳】陽台★傢俱,32000,36,20,5,3,新北市,新北市三重區力行路二段,公寓,3房2廳1衛 - 1陽台1廚房,,,https://www.rakuya.com.tw/rent/rent_item?ehid=01c15b292919452,,0
149,可租屋補助❤室內機車位❤陽台獨洗❤你想用玫瑰說什麼,8499,10,0,6,1,台中市,台中市北屯區僑孝街,電梯大廈,1房1廳1衛 - 1陽台,,"有對外窗, 陽台",https://www.rakuya.com.tw/rent/rent_item?ehid=0fa59429291943e,,0
150,水湳全新⛅可租補⛅陽台獨洗⛅衛浴開窗⛅電梯⛅北屯⛅,14999,15,1,4,1,台中市,台中市北屯區中清路二段,透天厝,1房1衛 - 1陽台,,"有對外窗, 陽台",https://www.rakuya.com.tw/rent/rent_item?ehid=094165292919304,,0
151,中興大學✨全新裝潢✨可雙租補✨獨洗曬✨子母車,11999,10,0,8,1,台中市,台中市南區學府路,電梯大廈,1房1衛,,有對外窗,https://www.rakuya.com.tw/rent/rent_item?ehid=0f3550292918590,,0
152,南屯⛅類一房一廳⛅獨洗曬⛅流理台⛅浴缸⛅大墩⛅,11999,13,2,5,1,台中市,台中市南屯區大墩一街,電梯大廈,1房1衛,,"有對外窗, 陽台",https://www.rakuya.com.tw/rent/rent_item?ehid=0df2af292918543,,0
153,中興大學✨可租補✨可寵✨陽台獨洗✨子母車✨飲水機,9999,10,0,2,1,台中市,台中市南區南平路,華廈,1房1衛 - 1陽台,,"有對外窗, 陽台",https://www.rakuya.com.tw/rent/rent_item?ehid=0cf3c2292916833,,0
154,⭐近東海⭐電梯⭐共洗⭐可租補、報稅⭐子母車⭐飲水機,7599,10,0,1,1,台中市,台中市龍井區新興路,透天厝,1房1衛,,有對外窗,https://www.rakuya.com.tw/rent/rent_item?ehid=0e8788292852069,,0
155,近東海⭐電梯⭐可寵⭐可租補、報稅⭐子母車⭐陽台獨洗,5999,9,0,5,1,台中市,台中市龍井區新興路,電梯大廈,1房1衛,,"有對外窗, 陽台",https://www.rakuya.com.tw/rent/rent_item?ehid=0ee805292852091,,0
156,⭐近東海⭐可租補⭐獨洗曬⭐子母車⭐飲水機⭐機車位,7499,10,0,2,1,台中市,台中市龍井區新興路,透天厝,1房1衛,,有對外窗,https://www.rakuya.com.tw/rent/rent_item?ehid=0f6a2f292852115,,0
157,⭐近東海⭐可寵⭐可租補、報稅⭐子母車⭐投幣共洗,4799,7,0,5,1,台中市,台中市龍井區台灣大道五段,透天厝,1房1衛,,有對外窗,https://www.rakuya.com.tw/rent/rent_item?ehid=042edf292852182,,0
158,⭐近市政府⭐電梯⭐可租補、報稅⭐台水電⭐獨洗烘,18500,20,0,12,1,台中市,台中市西屯區弘孝路,電梯大廈,1房1衛,,有對外窗,https://www.rakuya.com.tw/rent/rent_item?ehid=0f1a13292852210,,0
159,⭐近東海⭐可雙租補⭐子母車⭐一房一廳⭐附汽機車位,10999,14,0,3,1,台中市,台中市龍井區遠東街,透天厝,1房1廳1衛 - 1陽台,,"有對外窗, 陽台",https://www.rakuya.com.tw/rent/rent_item?ehid=06d25f29285212d,,0
160,⭐近東海⭐可寵⭐獨洗曬⭐子母車⭐飲水機⭐雙人沙發,5499,8,0,3,1,台中市,台中市龍井區遊園南路,透天厝,1房1衛,,有對外窗,https://www.rakuya.com.tw/rent/rent_item?ehid=06dc6329285214b,,0
161,⭐近仁愛⭐可雙租補⭐流理台⭐子母車⭐陽台獨洗,8999,12,0,2,1,台中市,台中市大里區永興路,透天厝,1房1衛 - 1陽台,,"有對外窗, 陽台",https://www.rakuya.com.tw/rent/rent_item?ehid=0a4a14292852204,,0
162,近東海⭐電梯⭐可貓⭐可雙租補、報稅⭐子母車⭐飲水機,6099,9,0,1,1,台中市,台中市龍井區新興路,透天厝,1房1衛,,有對外窗,https://www.rakuya.com.tw/rent/rent_item?ehid=07c861292852026,,0
163,⭐近東海⭐電梯⭐可租補⭐子母車⭐機車位⭐陽台獨洗,11000,13,0,3,1,台中市,台中市龍井區新興路,別墅,1房1衛 - 1陽台,,"有對外窗, 陽台",https://www.rakuya.com.tw/rent/rent_item?ehid=0d3ed529285207b,,0
164,✨電梯美屋✨租屋補助✨陽台獨洗✨台水台電✨加賴約看,7999,15,0,5,1,台中市,台中市北區自強街,電梯大廈,1房1衛 - 1陽台,,"有對外窗, 陽台",https://www.rakuya.com.tw/rent/rent_item?ehid=0b860429283821e,,0
165,✨類一房一廳✨陽台獨洗✨乾溼分離✨加賴約看✨,12499,15,0,2,1,台中市,台中市北區衛道路,透天厝,1房1衛 - 1陽台,,"有對外窗, 陽台",https://www.rakuya.com.tw/rent/rent_item?ehid=0389e029284292d,,0
166,✨電梯新屋✨租屋補助✨陽台獨洗✨流理台✨加賴約看✨,13999,16,0,6,1,台中市,台中市北區育祥街,電梯大廈,1房1衛 - 1陽台,,"有對外窗, 陽台",https://www.rakuya.com.tw/rent/rent_item?ehid=0a48a7292838323,,0
167,✨可貓咪✨運動爬梯✨租屋補助✨陽台獨洗✨加賴約看✨,6799,12,0,5,1,台中市,台中市西屯區西屯路二段,公寓,1房1衛 - 1陽台,,"有對外窗, 陽台",https://www.rakuya.com.tw/rent/rent_item?ehid=0c326229283840d,,0
168,獨立套房大陽台頂樓加蓋,16800,20,0,4,0,台北市,台北市文山區萬盛街,公寓,開放式格局,,"有對外窗, 陽台",https://www.rakuya.com.tw/rent/rent_item?ehid=0c8c6c29291309e,,0
169,二房一廳一陽台超便宜✨台水電✨租屋補助✨廚房✨電梯,14000,20,0,3,2,台中市,台中市清水區中清路九段/彰慶晏苑,電梯大廈,2房1廳1衛 - 1陽台1廚房,,"有對外窗, 陽台",https://www.rakuya.com.tw/rent/rent_item?ehid=06bb7c29284283e,,0
170,電梯套房⭐小資⭐可租補⭐陽台獨洗⭐近火車站⭐子母車,8299,8,0,5,1,台中市,台中市東區練武路,電梯大廈,1房1衛 - 1陽台,,"有對外窗, 樓中樓",https://www.rakuya.com.tw/rent/rent_item?ehid=02ece429282221a,,0
171,台水電⛅可租補⛅陽台獨洗⛅近中科大⛅電梯套房秒殺,7999,10,0,5,1,台中市,台中市東區自強街,電梯大廈,1房1衛 - 1陽台,,有對外窗,https://www.rakuya.com.tw/rent/rent_item?ehid=074573292835671,,0
172,先搶先贏⭐可寵⭐小資兩房⭐樓中樓⭐陽台獨洗⭐子母車,15499,15,0,1,2,台中市,台中市西屯區漢成街,別墅,2房1廳1衛 - 2陽台,,有對外窗,https://www.rakuya.com.tw/rent/rent_item?ehid=0a1bda292851828,,0
173,整棟全新⭐台積電首選⭐陽台獨洗⭐機車位⭐子母車飲水,8999,10,0,3,1,台中市,台中市大雅區科雅路,電梯大廈,1房1衛 - 1陽台,,有對外窗,https://www.rakuya.com.tw/rent/rent_item?ehid=041d8c29282420f,,0
174,中國醫⛅租補⛅可寵⛅獨洗窗曬⛅子母車飲水機⛅超秒殺,12499,13,0,3,1,台中市,台中市北區學士路,電梯大廈,1房1衛,,有對外窗,https://www.rakuya.com.tw/rent/rent_item?ehid=0beef929283484c,,0
175,可寵❤可租屋補助❤獨立洗脫烘❤超美套房❤,12499,15,0,3,1,台中市,台中市北區學士路,透天厝,1房1廳1衛,,有對外窗,https://www.rakuya.com.tw/rent/rent_item?ehid=0eb6e8292835008,,0
176,秒殺小資美套房❤獨立洗衣機❤可租屋補助❤流理台,4999,8,0,2,1,台中市,台中市東區七中路,透天厝,1房1廳1衛,,有對外窗,https://www.rakuya.com.tw/rent/rent_item?ehid=01fab329283487e,,0
177,太普美術海山景2+1平車,43000,47.71,1,21,2,高雄市,高雄市左營區崇實路/太普美術海,電梯大廈,2房2廳2衛 - 1室2陽台,,"有對外窗, 陽台",https://www.rakuya.com.tw/rent/rent_item?ehid=069f8d292903850,,0
178,仁愛路套房出租,6000,5.7,0,5,6,台南市,台南市麻豆區仁愛路,透天厝,6房,,,https://www.rakuya.com.tw/rent/rent_item?ehid=0faafc29290332e,,0
179,高雄車站景觀陽台大套房⭐️可租補⭐️,12000,15.63,26,19,1,高雄市,高雄市三民區南台路/新樓中樓,電梯大廈,1房1廳1衛 - 1陽台,,有對外窗,https://www.rakuya.com.tw/rent/rent_item?ehid=090c05292903189,,0
180,可雙租補✔️陽台獨洗✔️精美套房✔️衛浴開窗,11499,10,0,9,1,台中市,台中市西區公館路,電梯大廈,1房1衛 - 1陽台,,,https://www.rakuya.com.tw/rent/rent_item?ehid=0e9dd129284133b,,0
181,近安平國小百坪方正建地(臨路約12米),80000,147.92,0,0,0,台南市,台南市安平區金華ˇ段,住宅用地,,,,https://www.rakuya.com.tw/rent/rent_item?ehid=00453a292888687,,0
182,仁德太子300坪乙工廠房+辦公室(臨20米路),165000,280.55,39,3,0,台南市,台南市仁德區太子路,廠房,,,,https://www.rakuya.com.tw/rent/rent_item?ehid=0b2af4292881520,,0
183,仁德輕屋齡家具齊全3房平車(可以租補),25000,20.64,3,2,3,台南市,台南市仁德區德洋二街/鑫宥春風5,電梯大廈,3房2廳2衛 - 1廚房,,"有對外窗, 有中庭",https://www.rakuya.com.tw/rent/rent_item?ehid=08ddaa29283731b,,0
184,北屯東山廠房/58坪有腹地/活路可大車,80000,98,0,1,0,台中市,台中市北屯區軍福十六路,廠房,,,,https://www.rakuya.com.tw/rent/rent_item?ehid=0e2298292872040,,0
185,可租補♥️獨洗曬✨流理台✨子母車✨台電計費,12999,14,0,1,1,台中市,台中市北區大德街,電梯大廈,1房1衛 - 1陽台,,,https://www.rakuya.com.tw/rent/rent_item?ehid=0dfc6c29281148c,,0
186,頭份尚順黃金店面,40000,30,0,1,0,苗栗縣,苗栗縣頭份市東民二街,透天厝,,,,https://www.rakuya.com.tw/rent/rent_item?ehid=0fe369292852159,,0
187,頭份正市區精華店面出租,42000,30,0,1,0,苗栗縣,苗栗縣頭份市中華路,透天厝,,,,https://www.rakuya.com.tw/rent/rent_item?ehid=00582729285216a,,0
188,可租補中山醫⭐️超新電梯⭐️陽台獨洗有流理臺,8299,11,0,2,1,台中市,台中市南區忠明南路,電梯大廈,1房1衛 - 1陽台,,陽台,https://www.rakuya.com.tw/rent/rent_item?ehid=03797f292852135,,0
189,近中國醫⭐️超級優惠⭐️木質地板⭐️小資首選,3499,9,0,6,1,台中市,台中市北區美德街,公寓,1房1衛,,有對外窗,https://www.rakuya.com.tw/rent/rent_item?ehid=0474ad29285208c,,0
190,可寵樓中樓2房⭐️超大空間有流理臺,15499,20,0,1,2,台中市,台中市西屯區漢成街,透天厝,2房1廳1衛 - 1陽台1廚房,,"有對外窗, 樓中樓, 陽台",https://www.rakuya.com.tw/rent/rent_item?ehid=05776b29285200d,,0
